abdominal_pain,bloating,gas,nausea,vomiting,heartburn,acid_reflux,diarrhea,constipation,loss_of_appetite,indigestion,cramping,fever,belching,watery_stool,hard_stool,early_satiety,stomach_burning,disease
0,0,0,0,1,1,1,0,0,1,1,1,0,1,0,0,0,0,GERD
0,1,0,1,0,1,1,0,0,0,1,0,0,0,0,0,0,0,GERD
0,0,0,1,0,1,1,0,0,0,1,0,0,1,0,0,0,0,GERD
0,1,0,1,0,1,1,0,0,0,1,0,1,0,0,0,0,0,GERD
0,0,0,1,0,1,1,0,0,0,1,0,0,1,0,0,0,0,GERD
0,1,0,1,0,1,1,1,0,0,1,0,0,1,0,0,0,0,GERD
0,1,0,1,0,1,0,0,0,0,1,0,0,1,0,0,1,0,GERD
0,1,0,1,0,1,0,0,0,0,1,0,0,0,0,0,0,0,GERD
0,1,0,1,0,1,1,0,0,0,1,0,0,0,0,0,0,0,GERD
0,1,0,0,0,1,1,0,0,1,1,0,0,1,0,0,0,0,GERD
0,1,0,1,0,1,1,0,0,0,0,0,0,1,0,0,0,0,GERD
0,0,0,1,0,0,1,0,0,0,0,0,0,0,0,0,0,0,GERD
0,0,0,1,0,1,1,0,0,0,1,0,0,1,0,0,0,0,GERD
0,1,0,0,0,1,1,0,0,0,1,0,0,1,0,0,0,0,GERD
0,1,0,1,0,1,1,0,0,0,0,0,0,0,0,0,0,1,GERD
1,1,0,1,0,1,1,0,0,0,1,0,0,0,0,0,0,0,GERD
0,0,0,1,1,1,1,0,0,0,1,0,0,0,0,0,0,0,GERD
0,0,0,1,0,1,1,0,0,1,1,0,0,0,0,0,0,0,GERD
0,0,0,0,0,1,1,0,0,0,1,0,0,0,0,0,0,0,GERD
0,0,0,1,0,1,1,0,0,0,1,0,0,0,0,0,0,0,GERD
0,1,1,1,0,1,1,0,0,0,1,0,0,1,0,0,0,0,GERD
0,1,0,1,0,1,1,0,0,0,1,0,0,1,0,0,1,0,GERD
0,1,0,1,0,1,1,0,0,0,1,0,0,1,0,0,0,0,GERD
0,0,0,1,0,1,1,0,0,0,1,0,1,1,0,0,0,0,GERD
0,1,0,0,0,1,0,0,0,0,1,0,0,1,0,0,0,0,GERD
0,1,0,0,0,1,1,0,0,0,1,0,0,1,0,0,0,0,GERD
0,1,0,1,0,1,1,0,0,0,1,0,1,1,0,0,0,0,GERD
0,1,0,1,0,1,1,0,0,1,1,0,0,0,0,1,0,0,GERD
0,1,0,1,0,1,1,0,0,0,1,0,0,1,1,0,0,0,GERD
1,0,0,1,0,1,1,0,0,1,1,0,0,0,0,0,0,0,GERD
0,1,0,0,0,1,0,0,0,0,1,0,0,1,0,0,0,0,GERD
0,1,0,1,0,1,1,0,0,0,1,0,0,1,0,0,0,0,GERD
0,1,0,0,0,1,1,0,0,1,1,0,1,0,0,0,0,0,GERD
1,1,0,0,0,1,1,0,0,0,1,0,0,1,0,0,0,0,GERD
0,0,0,1,0,1,1,0,0,0,1,0,0,1,0,0,0,0,GERD
1,1,0,1,0,0,1,0,0,1,1,0,0,1,0,0,0,0,GERD
0,0,0,1,0,1,1,0,0,0,1,0,0,1,0,0,0,0,GERD
0,1,0,0,0,1,1,0,0,0,1,0,0,1,0,0,0,0,GERD
0,1,0,0,0,1,1,0,0,0,1,0,0,1,0,0,0,0,GERD
0,0,0,1,0,1,1,0,0,1,1,0,0,1,1,0,0,0,GERD
0,0,0,0,0,1,0,0,0,0,1,0,0,1,0,0,0,0,GERD
0,1,0,0,0,1,1,0,0,0,1,0,0,0,0,0,0,0,GERD
0,0,0,0,0,1,1,0,0,0,1,0,0,1,0,0,0,0,GERD
0,1,0,1,0,1,1,0,0,0,0,0,0,0,0,0,0,0,GERD
0,1,0,0,0,1,1,0,0,0,1,0,0,0,0,0,0,0,GERD
0,1,0,1,0,1,1,0,0,1,1,0,0,0,0,0,1,0,GERD
0,1,0,1,0,1,1,0,0,0,1,0,0,1,0,0,0,0,GERD
1,0,0,1,0,1,1,0,0,0,1,0,0,0,0,0,0,0,GERD
0,1,0,1,0,1,1,0,0,0,1,0,0,1,0,0,0,0,GERD
0,1,0,1,0,1,1,0,0,0,1,0,0,0,0,0,0,0,GERD
0,1,0,1,0,0,1,0,0,0,0,0,0,0,0,0,0,0,GERD
0,0,0,0,0,1,1,0,0,0,1,0,0,0,0,0,0,0,GERD
0,0,0,1,0,1,1,0,0,0,1,0,0,1,0,0,0,0,GERD
0,1,0,0,0,1,1,0,0,0,1,1,0,1,0,0,0,0,GERD
0,1,0,0,0,1,1,0,0,0,1,0,0,1,0,0,0,0,GERD
0,0,0,1,0,1,1,0,0,0,1,0,0,1,0,0,0,0,GERD
0,1,0,1,0,1,1,0,0,0,1,0,0,0,0,0,0,0,GERD
0,1,1,1,0,1,1,0,0,1,1,0,0,1,0,0,0,0,GERD
0,0,0,1,0,1,1,0,0,0,1,0,0,1,0,0,0,0,GERD
0,0,0,1,0,1,1,0,0,0,1,0,0,1,0,0,0,0,GERD
0,1,0,1,0,1,1,0,0,0,1,0,0,1,0,0,0,0,GERD
0,1,0,0,0,1,1,0,0,0,1,0,0,1,0,0,0,0,GERD
0,0,0,0,1,1,1,0,0,0,1,0,0,0,0,0,0,1,GERD
0,0,0,1,0,1,1,0,0,0,1,0,0,1,0,0,0,0,GERD
0,1,0,1,0,1,1,0,0,1,1,0,0,1,0,0,1,0,GERD
1,1,0,0,0,1,1,0,0,0,1,0,0,1,0,1,0,0,GERD
0,1,0,1,0,1,1,0,0,0,1,0,0,1,0,0,0,0,GERD
0,1,0,1,0,1,1,0,0,0,1,0,0,1,0,0,0,0,GERD
0,1,0,0,0,1,1,0,0,0,1,0,0,0,0,0,0,0,GERD
0,1,0,0,0,1,1,0,0,0,1,0,0,0,0,0,0,0,GERD
0,1,0,0,0,1,1,0,0,1,1,0,0,0,0,0,0,0,GERD
0,0,0,1,0,1,1,0,0,0,1,0,0,1,0,0,0,0,GERD
0,0,0,0,0,0,1,0,0,0,1,0,0,0,0,0,0,0,GERD
0,1,1,0,0,1,1,0,0,0,1,0,0,0,0,0,0,0,GERD
0,1,0,1,0,1,1,0,0,0,1,0,0,1,0,0,0,0,GERD
0,0,0,1,0,1,1,0,0,0,0,0,0,0,0,0,0,0,GERD
1,1,0,1,0,1,0,0,1,0,1,0,0,1,0,0,0,0,GERD
1,1,0,1,0,1,1,0,0,0,1,0,0,0,0,0,0,0,GERD
0,1,0,1,0,1,1,0,0,1,1,0,0,1,0,0,0,0,GERD
0,0,0,0,0,0,1,0,0,1,1,0,0,1,0,0,0,0,GERD
1,0,0,0,0,1,1,0,0,0,1,0,0,0,0,0,0,0,GERD
1,0,0,1,0,1,1,0,0,0,1,0,0,0,0,0,0,0,GERD
1,1,0,1,0,1,1,0,0,0,1,0,0,0,0,0,0,0,GERD
0,1,0,0,0,0,0,0,1,0,1,0,0,0,0,0,0,0,GERD
0,1,0,1,0,1,0,0,0,0,1,0,0,0,0,0,0,0,GERD
0,0,0,1,0,1,1,0,0,0,1,0,0,1,0,0,0,0,GERD
1,1,1,1,0,0,1,0,0,0,1,0,0,1,0,0,0,0,GERD
0,0,0,0,0,1,1,0,0,0,1,0,0,1,0,0,0,0,GERD
0,1,0,0,0,1,1,0,0,0,1,0,0,0,0,0,0,0,GERD
1,1,0,0,0,1,1,0,0,1,1,0,0,0,0,0,0,0,GERD
0,1,0,1,0,1,1,0,0,0,1,0,0,1,0,0,0,0,GERD
0,1,0,1,0,1,1,0,0,0,1,0,0,1,0,0,0,0,GERD
0,0,0,1,0,1,1,0,0,1,0,0,0,1,0,0,0,0,GERD
0,1,0,1,0,1,1,0,0,0,1,0,0,1,0,0,0,0,GERD
0,1,0,1,0,1,1,0,0,0,1,0,0,1,0,0,0,0,GERD
0,1,0,0,0,1,1,0,1,0,1,0,0,0,0,0,0,0,GERD
0,0,0,1,0,1,1,1,0,1,1,0,0,0,0,0,0,0,GERD
0,1,0,0,0,1,1,0,0,0,1,0,0,1,0,0,0,0,GERD
0,1,0,1,0,1,1,0,0,0,1,0,0,0,0,0,0,0,GERD
0,0,0,1,0,0,1,0,0,0,1,0,0,1,0,0,0,0,GERD
1,0,0,1,1,0,0,0,0,0,1,0,0,1,0,0,0,1,Peptic Ulcer Disease
1,0,0,1,1,0,0,0,0,0,1,0,0,0,0,0,0,1,Peptic Ulcer Disease
1,1,0,0,0,0,0,0,0,0,1,0,0,0,0,0,1,1,Peptic Ulcer Disease
1,0,0,1,0,0,0,0,0,1,1,0,0,0,0,0,0,1,Peptic Ulcer Disease
1,0,0,0,0,0,0,0,0,0,1,0,0,1,0,0,1,1,Peptic Ulcer Disease
1,1,0,0,0,0,0,0,0,0,1,0,0,1,0,0,1,1,Peptic Ulcer Disease
1,1,0,1,1,0,0,0,0,0,1,0,0,1,0,0,1,1,Peptic Ulcer Disease
1,0,0,0,0,0,0,0,1,1,1,0,0,1,0,0,1,1,Peptic Ulcer Disease
1,0,0,1,0,0,0,0,0,0,0,0,0,0,0,1,1,1,Peptic Ulcer Disease
1,1,0,1,0,0,0,0,0,0,1,0,0,0,1,0,1,1,Peptic Ulcer Disease
1,1,0,0,0,0,0,0,0,0,1,0,0,0,0,0,1,1,Peptic Ulcer Disease
1,1,0,0,0,0,0,0,0,0,1,0,0,1,0,0,1,1,Peptic Ulcer Disease
1,1,0,0,0,0,0,0,0,0,1,0,0,0,0,0,1,1,Peptic Ulcer Disease
1,1,0,1,0,0,0,0,0,0,1,0,0,0,1,0,0,1,Peptic Ulcer Disease
0,1,0,1,0,0,0,0,0,0,0,0,0,0,0,0,1,1,Peptic Ulcer Disease
1,1,0,1,1,0,0,0,0,0,1,0,0,1,0,0,1,1,Peptic Ulcer Disease
1,0,0,0,0,0,0,0,0,1,1,0,1,1,0,0,1,1,Peptic Ulcer Disease
1,1,0,0,0,0,0,0,0,0,1,1,0,0,1,0,1,1,Peptic Ulcer Disease
1,0,0,0,1,0,0,0,0,1,1,0,0,0,0,0,0,0,Peptic Ulcer Disease
0,0,0,0,1,0,1,0,0,0,1,0,0,0,0,0,0,1,Peptic Ulcer Disease
1,0,0,1,1,0,0,1,0,1,1,0,0,0,0,0,1,1,Peptic Ulcer Disease
1,1,0,1,0,0,0,0,0,0,1,0,0,0,0,0,1,1,Peptic Ulcer Disease
1,0,0,1,0,0,0,0,0,0,0,0,0,1,0,0,1,1,Peptic Ulcer Disease
1,0,0,0,1,0,0,0,0,0,1,0,0,1,1,0,1,1,Peptic Ulcer Disease
1,1,0,1,0,0,0,0,0,0,1,0,0,1,0,0,1,1,Peptic Ulcer Disease
1,1,0,1,0,0,0,0,0,1,1,0,0,0,0,0,1,1,Peptic Ulcer Disease
0,1,0,0,0,0,0,0,0,0,1,0,0,1,0,0,0,1,Peptic Ulcer Disease
1,0,0,1,0,0,0,0,0,0,1,0,0,1,0,0,0,1,Peptic Ulcer Disease
1,1,0,1,0,0,0,0,0,0,0,0,0,1,0,0,0,1,Peptic Ulcer Disease
1,1,0,0,0,0,0,0,0,1,0,0,0,0,0,0,0,1,Peptic Ulcer Disease
1,1,0,1,0,0,0,0,0,1,1,0,0,0,0,0,1,1,Peptic Ulcer Disease
1,0,0,0,0,0,0,0,0,1,1,0,0,1,0,1,0,1,Peptic Ulcer Disease
1,0,0,1,0,0,0,0,0,1,1,0,0,1,0,0,0,1,Peptic Ulcer Disease
1,0,0,1,0,0,0,0,0,0,1,0,0,0,0,0,0,1,Peptic Ulcer Disease
1,0,0,0,0,0,0,0,0,0,1,1,0,0,0,0,0,1,Peptic Ulcer Disease
1,0,0,1,1,0,0,0,0,0,1,0,0,1,0,0,1,1,Peptic Ulcer Disease
1,0,0,1,0,0,0,0,0,0,1,0,0,1,0,0,0,1,Peptic Ulcer Disease
0,1,0,0,0,0,0,0,0,1,1,0,0,1,0,0,0,1,Peptic Ulcer Disease
1,0,0,0,0,0,0,0,0,0,1,0,0,1,0,0,0,1,Peptic Ulcer Disease
1,1,0,1,1,0,0,0,0,0,1,1,0,0,0,0,0,1,Peptic Ulcer Disease
1,1,0,1,0,0,0,0,0,0,1,0,0,1,0,0,1,1,Peptic Ulcer Disease
1,1,0,0,0,0,0,0,0,0,1,0,0,1,0,0,0,1,Peptic Ulcer Disease
1,1,0,0,1,0,0,1,0,0,1,0,0,0,0,0,0,1,Peptic Ulcer Disease
1,1,0,1,0,0,0,0,1,0,1,0,0,0,0,0,1,1,Peptic Ulcer Disease
1,1,0,0,0,0,0,0,0,0,1,0,0,1,0,0,0,1,Peptic Ulcer Disease
1,1,0,1,0,0,0,0,0,1,1,0,0,1,0,0,0,1,Peptic Ulcer Disease
0,1,1,1,0,0,0,1,0,0,1,0,0,0,0,0,0,1,Peptic Ulcer Disease
1,0,0,1,0,0,0,0,0,0,1,0,0,1,0,0,1,1,Peptic Ulcer Disease
1,1,0,1,0,0,0,0,0,0,1,0,0,0,0,0,1,1,Peptic Ulcer Disease
1,0,0,0,0,0,0,0,0,1,1,0,0,1,0,0,0,1,Peptic Ulcer Disease
1,1,0,1,0,0,0,0,0,0,1,0,0,1,0,0,0,1,Peptic Ulcer Disease
1,1,0,1,1,0,0,0,0,0,1,0,0,1,0,1,0,1,Peptic Ulcer Disease
1,1,0,0,0,0,0,1,0,0,1,0,0,1,0,0,1,1,Peptic Ulcer Disease
0,0,0,0,0,0,0,0,0,0,1,0,0,1,0,0,1,1,Peptic Ulcer Disease
0,0,0,1,0,0,0,0,0,0,1,0,0,1,0,0,1,1,Peptic Ulcer Disease
1,1,0,1,0,0,0,0,0,0,1,0,0,1,0,0,1,1,Peptic Ulcer Disease
1,1,1,1,0,0,0,0,0,0,1,0,0,1,0,1,0,1,Peptic Ulcer Disease
1,1,0,0,0,1,0,0,0,0,1,0,0,0,0,0,0,0,Peptic Ulcer Disease
1,0,0,1,0,0,0,0,1,1,1,0,0,1,0,0,1,1,Peptic Ulcer Disease
1,1,0,1,0,0,0,0,0,0,1,0,0,0,0,0,1,1,Peptic Ulcer Disease
1,0,0,0,0,0,0,0,0,0,1,0,0,1,0,0,0,1,Peptic Ulcer Disease
1,0,0,1,0,0,1,0,0,0,1,0,0,0,0,0,1,1,Peptic Ulcer Disease
1,1,0,1,0,0,0,0,0,1,1,0,0,1,1,0,1,1,Peptic Ulcer Disease
1,0,0,0,0,0,0,0,0,1,1,0,0,1,0,0,0,1,Peptic Ulcer Disease
1,1,0,1,0,0,0,0,0,1,1,0,1,1,0,0,1,0,Peptic Ulcer Disease
0,1,0,0,0,0,0,0,0,1,1,0,0,0,0,0,1,1,Peptic Ulcer Disease
1,0,0,1,0,0,0,0,0,0,1,0,0,0,0,0,0,1,Peptic Ulcer Disease
1,1,0,1,0,0,0,0,1,0,0,0,0,1,0,0,0,1,Peptic Ulcer Disease
1,0,0,0,0,0,0,0,0,0,1,0,0,0,0,0,1,1,Peptic Ulcer Disease
1,1,0,1,0,0,0,0,0,0,1,0,0,0,0,0,1,1,Peptic Ulcer Disease
1,0,0,0,0,0,0,0,0,0,1,0,0,1,0,0,1,1,Peptic Ulcer Disease
1,1,0,0,0,0,0,0,0,0,1,0,0,0,0,0,0,1,Peptic Ulcer Disease
1,1,0,0,1,0,0,0,0,0,1,0,0,0,0,0,0,0,Peptic Ulcer Disease
1,0,0,0,1,0,0,0,0,0,1,0,1,0,0,0,1,1,Peptic Ulcer Disease
1,1,1,0,0,0,0,0,0,0,1,0,0,1,0,0,0,1,Peptic Ulcer Disease
0,1,0,1,0,0,0,0,0,0,1,0,0,0,0,0,1,1,Peptic Ulcer Disease
1,0,0,1,0,0,0,0,0,0,1,0,1,0,0,0,1,1,Peptic Ulcer Disease
1,1,0,1,0,0,0,0,0,0,1,0,0,0,0,0,0,1,Peptic Ulcer Disease
1,0,0,1,1,0,0,0,0,0,1,0,0,0,0,0,0,1,Peptic Ulcer Disease
1,1,0,1,0,0,0,0,0,0,1,0,0,0,0,0,0,1,Peptic Ulcer Disease
1,0,0,0,0,0,0,0,0,0,1,0,0,0,1,0,0,1,Peptic Ulcer Disease
1,1,0,1,0,0,0,0,0,0,1,0,0,0,0,0,0,1,Peptic Ulcer Disease
1,1,0,1,0,0,0,0,0,0,1,0,0,0,0,0,1,1,Peptic Ulcer Disease
1,1,0,1,0,0,0,0,0,0,1,0,0,0,0,0,1,1,Peptic Ulcer Disease
1,1,0,0,0,0,0,0,0,1,1,1,0,0,0,1,1,1,Peptic Ulcer Disease
1,0,0,0,0,0,0,0,0,1,1,0,0,1,0,0,0,1,Peptic Ulcer Disease
1,1,0,0,0,0,0,0,0,0,1,0,0,1,0,1,0,0,Peptic Ulcer Disease
1,0,0,1,1,0,0,0,0,0,1,0,0,0,0,0,0,1,Peptic Ulcer Disease
1,0,0,1,1,0,0,0,0,1,1,0,0,1,0,1,0,1,Peptic Ulcer Disease
1,1,0,1,0,0,0,0,0,0,0,0,0,0,0,0,0,1,Peptic Ulcer Disease
1,1,0,1,0,0,0,0,0,1,1,0,0,0,0,0,1,1,Peptic Ulcer Disease
1,0,0,1,0,0,0,0,0,0,1,0,0,1,0,0,1,1,Peptic Ulcer Disease
1,1,0,1,0,0,0,0,0,0,1,0,0,1,0,0,0,1,Peptic Ulcer Disease
1,0,0,0,0,0,0,0,0,1,1,0,0,1,0,0,1,1,Peptic Ulcer Disease
1,0,0,0,0,0,0,0,0,0,1,0,0,1,0,0,1,1,Peptic Ulcer Disease
1,1,0,0,1,0,0,0,0,1,1,0,0,1,0,0,1,1,Peptic Ulcer Disease
1,1,0,0,1,0,0,0,0,0,1,0,0,0,0,0,0,1,Peptic Ulcer Disease
1,0,0,1,0,0,0,0,0,0,1,0,0,1,0,0,0,1,Peptic Ulcer Disease
1,1,0,1,0,0,0,0,0,0,1,0,0,1,0,0,0,0,Peptic Ulcer Disease
1,0,0,0,0,0,0,0,0,0,0,0,0,1,0,0,0,1,Peptic Ulcer Disease
1,0,0,1,1,0,0,1,0,0,0,1,0,0,0,0,0,0,Gastroenteritis
0,0,0,1,1,0,0,1,0,1,0,1,1,0,1,0,0,0,Gastroenteritis
0,0,0,1,1,0,0,1,0,1,0,1,0,0,0,0,0,0,Gastroenteritis
0,0,0,1,1,0,0,1,0,0,0,1,0,0,0,0,0,0,Gastroenteritis
1,0,0,1,1,0,0,1,0,1,0,1,1,0,1,0,0,0,Gastroenteritis
1,0,0,1,1,0,0,1,0,1,0,1,1,0,1,0,0,0,Gastroenteritis
1,0,0,1,0,0,0,1,0,0,0,0,1,0,0,0,0,0,Gastroenteritis
1,0,0,1,1,0,0,1,0,1,1,1,0,0,1,0,0,0,Gastroenteritis
0,0,1,1,1,0,0,1,0,0,0,1,0,0,0,0,0,0,Gastroenteritis
1,0,0,1,1,0,0,1,0,0,0,1,1,0,0,0,0,0,Gastroenteritis
1,0,0,1,1,0,0,1,0,1,0,1,1,0,1,0,0,0,Gastroenteritis
1,0,0,1,1,0,0,1,0,1,0,1,0,0,1,0,0,0,Gastroenteritis
0,0,1,1,1,0,0,1,0,1,0,1,1,0,0,0,0,0,Gastroenteritis
1,0,0,1,1,1,0,1,0,1,0,1,1,0,1,0,0,0,Gastroenteritis
1,0,1,1,1,0,0,1,0,0,0,1,0,0,1,1,0,1,Gastroenteritis
1,0,0,1,1,0,0,1,0,1,0,1,0,0,1,0,0,0,Gastroenteritis
1,0,0,1,1,0,0,1,0,1,0,1,1,0,1,0,0,0,Gastroenteritis
1,0,0,1,1,0,0,1,0,0,0,1,1,0,1,0,0,0,Gastroenteritis
0,0,0,1,1,0,0,1,0,0,0,1,1,0,1,0,0,0,Gastroenteritis
0,0,1,1,1,0,1,1,0,1,0,1,1,0,0,0,1,0,Gastroenteritis
1,0,0,1,1,0,0,1,0,0,0,0,1,0,1,0,0,0,Gastroenteritis
0,0,0,1,1,0,0,1,0,1,0,1,1,0,1,0,0,0,Gastroenteritis
1,0,0,1,1,0,0,1,0,0,0,1,1,0,1,0,0,0,Gastroenteritis
0,0,0,1,1,0,0,1,0,1,0,1,1,0,0,0,0,0,Gastroenteritis
1,0,0,1,1,0,0,1,0,0,0,1,1,0,1,0,0,0,Gastroenteritis
1,0,0,1,1,0,0,1,0,0,0,1,0,0,0,0,0,0,Gastroenteritis
1,1,0,0,1,0,1,1,0,1,0,1,0,0,1,0,0,0,Gastroenteritis
1,1,0,1,1,0,0,0,0,1,1,1,0,0,0,1,0,0,Gastroenteritis
1,0,0,1,1,0,0,1,0,1,0,1,1,0,0,0,0,0,Gastroenteritis
1,0,0,1,1,0,0,1,0,0,0,1,0,0,0,0,0,0,Gastroenteritis
1,0,0,1,1,0,0,1,1,0,0,1,0,0,0,0,0,0,Gastroenteritis
0,0,0,1,0,0,0,1,0,0,0,1,0,0,1,0,0,0,Gastroenteritis
0,0,0,1,0,0,0,1,0,1,0,1,1,0,0,0,0,0,Gastroenteritis
1,0,1,1,1,0,0,1,0,1,0,1,1,1,1,0,0,0,Gastroenteritis
1,0,0,1,1,0,0,1,0,1,0,1,1,0,0,0,0,0,Gastroenteritis
1,1,0,1,1,0,0,1,0,0,0,1,1,0,0,0,0,0,Gastroenteritis
1,0,0,1,1,0,0,1,1,1,0,1,1,0,0,0,0,0,Gastroenteritis
0,0,0,1,1,0,0,1,0,0,0,1,0,0,1,0,0,0,Gastroenteritis
1,0,0,1,1,0,0,1,0,1,0,1,0,0,1,1,0,0,Gastroenteritis
1,1,0,1,1,0,0,0,0,1,0,1,0,0,1,0,0,0,Gastroenteritis
1,0,0,1,1,0,0,1,0,1,0,1,0,0,0,0,0,0,Gastroenteritis
1,0,0,1,1,0,0,1,1,0,0,1,1,0,1,0,0,1,Gastroenteritis
1,0,0,1,0,0,0,0,0,1,0,1,1,0,1,0,0,0,Gastroenteritis
0,0,0,1,1,0,0,1,0,0,0,1,0,0,1,0,0,1,Gastroenteritis
1,1,0,1,1,0,0,1,0,1,0,1,0,0,0,0,0,0,Gastroenteritis
1,0,1,1,1,0,0,0,0,0,0,1,0,0,1,1,0,0,Gastroenteritis
1,0,0,1,0,0,0,1,0,1,0,1,0,0,1,0,0,0,Gastroenteritis
0,0,0,1,1,0,0,1,0,0,0,1,1,0,1,0,0,0,Gastroenteritis
1,0,0,1,1,0,0,1,0,0,0,1,0,0,1,0,0,0,Gastroenteritis
1,0,0,1,1,0,0,1,0,0,0,1,1,0,0,1,0,0,Gastroenteritis
1,0,0,1,1,0,0,1,0,1,0,1,0,0,0,0,0,0,Gastroenteritis
1,0,0,1,1,0,0,1,0,0,0,1,1,0,1,0,0,0,Gastroenteritis
1,0,0,1,1,0,0,1,0,1,0,1,1,0,0,0,0,0,Gastroenteritis
0,1,0,1,1,0,0,1,0,1,0,1,0,0,1,0,0,0,Gastroenteritis
1,0,0,1,0,0,0,1,0,1,0,1,1,0,0,0,0,0,Gastroenteritis
1,0,0,1,1,0,1,1,0,1,0,0,0,0,1,0,0,0,Gastroenteritis
1,1,0,1,1,0,0,1,0,0,0,1,1,0,1,0,0,0,Gastroenteritis
1,0,0,1,1,0,0,1,0,0,0,1,1,0,1,0,1,0,Gastroenteritis
1,0,0,1,1,0,0,1,0,1,0,1,1,0,1,0,0,0,Gastroenteritis
1,0,0,1,1,0,0,1,0,1,0,1,1,0,0,0,0,0,Gastroenteritis
1,0,0,1,1,0,0,0,0,1,0,1,1,0,1,0,0,0,Gastroenteritis
0,1,0,1,1,0,0,1,1,0,0,1,0,0,0,0,0,0,Gastroenteritis
1,1,0,1,1,0,0,1,0,1,0,1,0,1,1,0,0,0,Gastroenteritis
0,1,0,1,1,0,0,1,0,0,0,1,1,0,1,0,1,0,Gastroenteritis
1,0,0,1,1,0,0,1,0,1,0,1,0,0,1,1,0,0,Gastroenteritis
1,0,0,1,1,0,0,1,0,0,0,1,0,0,0,0,0,0,Gastroenteritis
1,1,0,1,1,0,0,1,0,0,0,1,0,0,1,0,0,0,Gastroenteritis
1,0,0,1,1,0,0,1,0,0,0,1,0,0,0,0,0,0,Gastroenteritis
1,0,0,1,1,0,0,1,1,1,0,1,0,1,0,0,0,0,Gastroenteritis
0,0,0,1,1,0,0,0,0,1,0,0,1,0,0,0,0,0,Gastroenteritis
1,0,0,1,1,0,0,1,0,0,0,1,1,0,0,0,0,0,Gastroenteritis
1,0,0,1,1,0,0,1,0,0,0,1,1,0,1,0,0,0,Gastroenteritis
1,0,1,1,1,0,0,1,0,0,0,1,0,0,0,0,0,0,Gastroenteritis
1,1,0,1,1,0,0,1,0,0,0,1,1,0,0,0,0,0,Gastroenteritis
1,0,0,1,1,0,0,1,0,1,0,1,0,0,1,0,0,0,Gastroenteritis
0,0,1,1,1,0,0,1,0,1,0,1,0,0,0,0,0,0,Gastroenteritis
1,0,0,0,1,0,0,1,0,1,0,1,1,0,1,0,0,0,Gastroenteritis
1,0,0,1,1,0,0,1,0,0,0,0,0,0,0,0,0,0,Gastroenteritis
0,1,0,1,1,0,0,1,0,0,0,1,1,0,1,0,1,0,Gastroenteritis
1,0,0,1,1,1,0,1,0,1,0,1,0,0,1,0,0,0,Gastroenteritis
1,0,0,1,1,0,0,1,0,0,0,1,1,0,0,0,0,0,Gastroenteritis
0,0,0,1,1,0,0,0,0,1,1,0,1,0,0,0,0,0,Gastroenteritis
0,1,0,1,1,0,0,0,0,1,0,1,0,0,0,0,0,0,Gastroenteritis
0,1,0,1,0,0,0,1,0,1,0,1,0,0,1,0,0,0,Gastroenteritis
1,1,1,1,1,0,1,1,0,1,0,1,1,0,1,0,0,0,Gastroenteritis
0,0,0,1,1,0,0,1,0,1,0,1,1,0,1,0,0,0,Gastroenteritis
0,0,1,1,1,0,0,1,0,0,0,1,0,0,1,0,0,0,Gastroenteritis
1,0,0,1,1,1,0,1,0,0,0,1,0,0,0,0,0,0,Gastroenteritis
0,0,0,1,1,0,0,1,0,1,0,1,1,0,0,0,0,0,Gastroenteritis
1,0,0,1,1,0,0,1,0,1,0,1,1,0,0,0,0,0,Gastroenteritis
0,1,1,1,1,0,0,1,0,0,0,1,0,0,0,0,0,0,Gastroenteritis
0,0,0,0,1,0,0,1,0,1,0,1,1,0,1,0,0,0,Gastroenteritis
1,0,0,1,1,0,0,1,0,1,0,1,1,0,1,0,0,0,Gastroenteritis
1,0,0,1,1,0,0,1,0,1,0,1,0,0,1,0,0,0,Gastroenteritis
0,0,0,1,1,0,0,1,0,1,0,1,1,0,1,0,0,0,Gastroenteritis
1,0,0,1,0,0,0,0,0,1,0,1,1,0,0,0,0,0,Gastroenteritis
0,0,0,1,1,0,0,1,0,1,0,1,1,0,0,0,0,0,Gastroenteritis
0,0,1,1,1,0,0,1,0,1,0,1,1,0,1,0,0,0,Gastroenteritis
1,0,0,1,1,0,0,1,0,1,0,1,0,0,1,0,0,0,Gastroenteritis
1,0,0,1,1,0,0,1,0,1,1,1,0,0,0,0,0,0,Gastroenteritis
0,1,0,0,0,0,0,0,0,0,1,0,0,1,0,0,0,1,Gastritis
0,1,1,1,1,0,0,0,0,1,1,1,0,0,0,0,0,1,Gastritis
0,1,0,1,0,0,0,0,0,0,1,0,0,1,0,0,0,0,Gastritis
1,1,0,1,0,0,0,0,0,0,1,0,0,1,0,0,0,1,Gastritis
0,1,0,0,1,0,0,0,0,1,1,0,0,0,0,0,0,1,Gastritis
1,1,0,0,0,0,1,0,0,0,1,0,0,1,0,0,0,1,Gastritis
1,0,0,1,0,0,0,1,0,1,1,0,0,0,0,0,0,1,Gastritis
1,1,1,1,0,0,0,0,0,1,1,0,0,0,1,0,0,1,Gastritis
1,1,0,0,1,0,1,0,0,0,1,0,0,0,0,0,0,1,Gastritis
1,1,1,0,0,0,0,0,0,1,1,0,0,1,0,0,0,1,Gastritis
0,1,1,0,0,0,0,0,0,1,1,0,0,0,0,0,0,0,Gastritis
1,1,0,1,0,0,0,0,0,1,1,0,0,1,0,0,0,1,Gastritis
0,1,1,1,0,0,0,0,0,0,1,0,0,0,0,0,0,1,Gastritis
0,1,0,0,1,0,0,0,0,1,1,0,0,0,0,0,0,1,Gastritis
1,1,0,1,0,0,0,0,0,0,1,0,0,0,0,0,0,0,Gastritis
1,1,1,0,0,0,0,0,0,1,1,0,0,0,0,0,0,1,Gastritis
0,1,1,0,0,0,0,0,0,0,1,0,0,0,0,0,0,1,Gastritis
1,1,0,1,1,1,0,0,0,1,1,0,1,0,0,0,0,1,Gastritis
1,1,0,1,1,0,0,0,0,0,1,0,0,0,0,1,0,1,Gastritis
1,1,1,0,0,0,0,1,0,0,1,0,0,1,0,0,0,1,Gastritis
0,1,0,1,1,0,0,0,0,0,1,0,0,0,0,0,0,1,Gastritis
0,0,0,1,0,0,0,0,0,0,1,0,0,1,0,0,0,1,Gastritis
0,1,1,0,0,0,0,0,0,0,1,0,0,0,0,0,0,1,Gastritis
1,1,0,0,1,0,0,0,0,1,1,0,0,0,0,0,0,1,Gastritis
0,1,1,1,0,0,0,0,0,1,1,0,0,0,0,0,0,1,Gastritis
0,1,1,1,0,0,0,0,0,0,0,0,0,0,0,1,0,1,Gastritis
1,1,1,1,0,0,0,1,0,1,1,0,0,0,0,0,0,1,Gastritis
1,1,0,1,0,0,0,0,0,1,0,0,0,0,0,0,0,0,Gastritis
1,1,0,0,0,0,0,0,0,1,1,0,0,1,0,0,0,1,Gastritis
1,1,0,1,1,0,0,0,0,0,1,0,0,0,0,0,0,1,Gastritis
0,1,0,1,0,0,0,0,0,1,1,0,0,0,0,0,0,1,Gastritis
0,1,1,0,0,1,0,0,0,1,1,0,0,1,0,0,0,1,Gastritis
0,1,0,1,0,0,0,0,0,0,1,0,0,1,0,0,0,1,Gastritis
1,1,0,1,0,0,0,0,0,1,1,0,0,1,0,0,0,1,Gastritis
0,1,0,1,0,1,0,0,0,1,1,0,0,0,0,0,0,1,Gastritis
1,1,1,0,0,0,0,0,0,1,1,0,0,1,0,0,0,1,Gastritis
1,1,1,0,0,0,0,0,0,1,1,0,0,0,0,0,0,1,Gastritis
1,1,0,1,1,0,0,0,0,1,1,0,0,1,0,0,0,1,Gastritis
1,1,1,1,0,0,1,0,0,1,0,0,0,0,0,0,0,0,Gastritis
1,1,0,1,0,0,0,0,0,0,1,0,0,1,0,0,0,1,Gastritis
1,1,0,1,0,0,0,0,0,0,1,0,0,1,0,0,0,1,Gastritis
1,1,0,1,1,0,0,0,0,1,0,0,0,0,0,0,0,1,Gastritis
0,1,0,1,0,0,0,0,0,1,1,0,0,1,0,0,0,1,Gastritis
1,1,0,1,0,0,0,0,0,0,1,0,0,1,0,0,0,1,Gastritis
0,1,0,1,1,0,0,0,0,0,1,0,1,1,0,0,0,1,Gastritis
1,1,0,0,0,0,0,0,0,0,1,0,0,1,0,0,0,1,Gastritis
0,1,0,1,1,0,0,0,0,0,1,0,0,1,0,0,0,0,Gastritis
1,1,0,1,0,0,0,0,0,1,1,0,0,1,0,0,0,1,Gastritis
0,1,0,1,0,0,0,0,0,0,1,0,0,1,0,0,0,1,Gastritis
1,1,0,0,0,0,0,0,0,1,1,0,0,1,0,0,0,1,Gastritis
1,1,0,1,0,0,0,0,0,0,1,0,0,0,0,0,0,1,Gastritis
1,1,0,1,0,0,0,0,0,1,1,0,0,0,0,0,0,1,Gastritis
1,1,1,0,0,0,0,0,0,1,1,0,0,1,0,0,0,1,Gastritis
0,1,0,0,0,0,0,0,0,1,1,0,0,0,0,0,0,1,Gastritis
1,1,0,0,0,0,0,0,0,0,0,0,0,1,0,0,0,0,Gastritis
1,1,0,0,0,0,0,0,0,0,1,1,0,1,0,0,0,1,Gastritis
1,1,0,1,0,0,0,0,0,0,1,0,0,1,0,0,0,0,Gastritis
0,1,0,0,0,1,0,0,0,0,1,0,0,0,0,0,0,1,Gastritis
1,1,0,1,0,1,0,0,0,0,1,0,0,0,0,0,0,1,Gastritis
0,1,0,0,0,0,0,0,0,0,1,0,0,0,0,0,0,1,Gastritis
1,0,0,0,0,0,0,0,0,0,1,0,0,0,0,0,0,1,Gastritis
1,1,1,0,0,0,0,0,0,1,0,0,0,0,0,0,0,1,Gastritis
1,1,0,1,0,0,0,0,0,1,1,1,0,1,0,0,0,0,Gastritis
1,1,0,1,0,0,0,0,0,1,1,0,0,1,0,0,0,1,Gastritis
1,0,0,1,0,0,0,0,0,1,1,0,0,1,0,0,0,1,Gastritis
0,1,0,0,0,0,0,0,0,1,0,0,0,0,0,0,0,1,Gastritis
1,1,0,0,1,0,0,0,0,0,1,0,0,0,0,0,0,1,Gastritis
1,1,0,0,0,0,0,0,0,0,1,0,1,1,0,0,0,1,Gastritis
1,1,0,1,0,0,1,0,0,0,0,0,0,0,0,0,0,1,Gastritis
1,1,0,0,0,0,0,0,0,1,1,0,0,1,0,0,0,1,Gastritis
1,1,1,1,0,0,0,0,0,1,1,0,0,0,0,0,0,1,Gastritis
1,1,0,1,0,0,0,0,0,1,1,0,0,1,0,0,0,1,Gastritis
1,1,1,1,1,0,0,0,0,1,1,0,0,1,0,0,0,1,Gastritis
1,1,0,1,0,0,0,0,0,1,1,0,0,0,0,0,0,1,Gastritis
1,1,0,1,0,0,0,0,0,1,1,0,0,1,0,0,0,1,Gastritis
1,1,0,1,0,0,0,0,0,0,1,0,0,0,0,0,1,1,Gastritis
1,1,0,0,0,0,0,1,0,1,1,0,0,0,0,0,0,1,Gastritis
1,1,0,1,0,0,0,0,0,0,1,0,0,0,0,0,0,1,Gastritis
1,1,0,1,0,0,0,0,0,1,1,0,0,1,0,0,0,0,Gastritis
0,1,0,0,0,0,0,0,0,0,1,0,0,0,0,0,0,1,Gastritis
1,1,1,1,1,0,0,0,0,0,1,0,0,0,0,0,0,1,Gastritis
0,1,0,1,0,0,0,0,0,0,1,0,0,0,0,0,0,1,Gastritis
1,1,1,1,0,0,0,0,0,1,1,0,0,1,0,0,0,1,Gastritis
0,1,0,1,1,0,0,0,0,0,1,0,0,1,0,0,0,1,Gastritis
0,1,1,0,0,0,0,0,0,1,1,0,0,1,0,0,0,1,Gastritis
1,1,1,0,0,0,0,0,0,0,1,0,0,1,0,0,0,1,Gastritis
1,1,0,1,0,0,0,0,0,1,1,0,0,1,0,0,0,1,Gastritis
0,1,1,1,1,0,0,0,0,0,1,0,0,0,0,0,0,1,Gastritis
0,0,0,1,0,0,0,0,0,1,1,0,0,0,0,0,0,0,Gastritis
0,1,0,0,0,0,0,0,0,1,1,0,0,1,0,0,0,1,Gastritis
0,1,1,0,0,0,0,0,0,1,0,0,0,1,0,0,0,1,Gastritis
1,1,0,1,0,0,0,0,0,1,1,0,0,1,0,0,0,1,Gastritis
1,1,0,0,0,0,0,0,0,1,1,0,0,1,0,0,0,1,Gastritis
1,1,0,1,0,0,0,0,0,1,1,0,0,1,0,0,0,1,Gastritis
1,1,0,1,0,0,0,0,1,1,1,0,0,1,0,0,0,1,Gastritis
0,1,0,1,0,0,0,0,0,1,1,0,0,1,0,0,0,1,Gastritis
1,1,0,1,0,0,0,0,0,1,1,0,0,1,0,0,0,1,Gastritis
1,1,0,1,0,0,0,0,0,1,1,0,0,1,0,0,0,1,Gastritis
0,0,0,1,0,0,1,0,0,1,1,0,0,0,1,0,0,1,Gastritis
0,1,0,1,1,0,0,0,0,1,1,0,0,1,0,0,0,1,Gastritis
0,1,1,0,0,0,0,1,0,1,1,1,0,0,1,0,0,0,Irritable Bowel Syndrome
1,1,0,0,1,0,0,0,1,0,0,1,0,0,0,0,1,0,Irritable Bowel Syndrome
1,1,1,1,0,0,0,0,1,0,1,1,0,0,0,0,0,0,Irritable Bowel Syndrome
1,1,1,0,0,0,0,1,0,0,1,1,0,0,0,0,0,0,Irritable Bowel Syndrome
1,1,1,0,0,0,0,0,1,0,0,1,0,0,0,0,0,0,Irritable Bowel Syndrome
1,0,0,0,0,0,0,1,1,1,0,1,0,0,0,1,0,0,Irritable Bowel Syndrome
0,1,1,1,0,0,0,1,1,0,0,1,0,0,0,0,0,0,Irritable Bowel Syndrome
1,1,0,0,0,1,0,0,0,0,0,0,0,0,0,0,1,0,Irritable Bowel Syndrome
1,1,1,0,0,0,1,1,1,0,1,1,0,0,0,0,0,0,Irritable Bowel Syndrome
1,1,1,0,0,0,0,1,1,0,1,1,0,0,0,0,0,0,Irritable Bowel Syndrome
1,1,0,1,0,0,1,1,0,0,0,0,0,0,0,0,0,0,Irritable Bowel Syndrome
1,1,0,0,0,0,0,0,1,0,0,1,0,0,0,0,0,0,Irritable Bowel Syndrome
1,1,1,0,0,0,0,1,0,0,1,1,0,0,0,1,0,0,Irritable Bowel Syndrome
1,1,0,1,0,0,0,1,1,0,1,1,1,0,0,1,0,0,Irritable Bowel Syndrome
1,1,0,0,0,0,0,1,1,0,0,1,0,0,0,0,0,0,Irritable Bowel Syndrome
1,1,0,0,0,0,0,1,1,0,0,1,0,0,0,0,0,0,Irritable Bowel Syndrome
1,1,1,0,0,0,0,1,0,0,0,1,0,0,0,0,0,0,Irritable Bowel Syndrome
1,1,1,0,0,0,0,0,1,0,1,1,0,0,0,0,0,0,Irritable Bowel Syndrome
1,1,1,1,0,0,0,0,1,0,1,1,0,0,0,0,0,0,Irritable Bowel Syndrome
1,1,1,0,0,0,0,1,1,0,0,1,0,0,1,0,0,0,Irritable Bowel Syndrome
1,1,1,0,0,0,0,0,1,0,1,1,0,0,0,0,1,0,Irritable Bowel Syndrome
1,1,0,0,0,0,0,0,1,1,1,1,0,0,0,0,0,0,Irritable Bowel Syndrome
1,1,1,1,0,0,0,1,0,0,0,1,0,0,0,0,0,0,Irritable Bowel Syndrome
1,1,1,0,0,0,0,0,1,0,1,1,0,0,0,0,1,0,Irritable Bowel Syndrome
1,1,0,0,0,0,0,1,1,0,1,1,0,0,0,0,0,0,Irritable Bowel Syndrome
0,1,0,1,0,0,0,1,1,0,1,1,0,0,0,0,0,0,Irritable Bowel Syndrome
1,1,1,0,0,0,0,0,0,0,1,1,0,0,0,0,0,0,Irritable Bowel Syndrome
1,1,0,0,0,0,0,0,0,0,1,1,0,0,0,0,0,0,Irritable Bowel Syndrome
1,1,0,0,0,0,0,1,0,0,0,1,0,0,0,0,1,0,Irritable Bowel Syndrome
1,1,1,0,0,0,0,1,1,0,1,1,0,0,1,0,0,0,Irritable Bowel Syndrome
1,1,0,0,1,0,0,0,0,0,1,1,0,0,0,0,1,0,Irritable Bowel Syndrome
1,1,1,1,0,0,0,0,0,0,0,1,0,0,0,0,1,0,Irritable Bowel Syndrome
1,1,1,1,0,0,0,1,1,0,1,1,0,0,0,0,0,0,Irritable Bowel Syndrome
0,1,0,0,0,0,0,1,0,0,0,1,0,0,0,0,0,0,Irritable Bowel Syndrome
1,1,1,0,0,0,0,1,0,0,1,1,0,0,0,0,0,0,Irritable Bowel Syndrome
1,0,0,0,0,0,0,0,1,0,1,1,1,0,0,0,0,0,Irritable Bowel Syndrome
1,1,0,0,1,0,0,0,0,0,1,1,0,0,0,0,0,0,Irritable Bowel Syndrome
1,0,1,0,0,0,0,0,1,0,0,1,0,0,0,0,1,0,Irritable Bowel Syndrome
1,1,0,1,0,0,0,0,0,0,0,1,0,0,0,0,0,0,Irritable Bowel Syndrome
1,1,1,1,0,0,0,1,1,0,1,1,0,0,0,0,0,0,Irritable Bowel Syndrome
1,1,1,0,0,0,0,1,1,0,1,0,0,0,0,0,0,0,Irritable Bowel Syndrome
1,1,0,0,0,0,0,0,0,0,1,1,1,0,0,0,0,0,Irritable Bowel Syndrome
1,1,1,0,0,0,0,1,0,0,1,1,0,0,0,0,0,0,Irritable Bowel Syndrome
1,1,0,0,0,0,0,1,1,0,0,1,0,0,0,0,1,0,Irritable Bowel Syndrome
1,0,0,0,0,0,0,1,1,0,1,1,0,0,0,0,0,0,Irritable Bowel Syndrome
1,1,0,1,0,0,0,1,1,1,0,1,0,0,0,0,0,0,Irritable Bowel Syndrome
1,1,0,0,0,0,0,0,0,0,0,1,0,0,0,0,0,0,Irritable Bowel Syndrome
1,1,0,0,0,0,0,0,1,0,0,1,0,1,0,0,0,0,Irritable Bowel Syndrome
1,1,1,0,0,0,0,0,1,0,1,1,0,0,0,0,0,0,Irritable Bowel Syndrome
1,1,0,0,0,0,0,1,0,0,1,1,0,0,0,0,1,0,Irritable Bowel Syndrome
1,1,0,0,0,0,0,0,1,0,1,0,0,0,0,0,0,0,Irritable Bowel Syndrome
1,1,0,0,0,0,0,0,1,0,0,1,0,0,0,0,0,0,Irritable Bowel Syndrome
1,1,1,0,0,0,0,1,1,0,1,0,0,0,0,0,0,0,Irritable Bowel Syndrome
1,1,0,1,0,0,0,1,1,0,0,0,0,0,0,0,0,0,Irritable Bowel Syndrome
1,1,1,0,0,0,0,0,1,0,0,1,0,0,0,0,0,0,Irritable Bowel Syndrome
1,0,1,0,0,0,0,0,0,0,0,1,0,0,0,0,0,0,Irritable Bowel Syndrome
1,1,1,1,0,0,1,1,0,0,1,1,0,0,0,0,0,0,Irritable Bowel Syndrome
1,1,1,0,0,0,0,0,1,0,1,0,1,0,0,0,0,0,Irritable Bowel Syndrome
1,1,0,0,0,0,0,0,0,0,0,1,0,0,0,1,0,0,Irritable Bowel Syndrome
1,1,0,0,0,0,0,1,1,0,0,1,0,0,1,0,0,0,Irritable Bowel Syndrome
1,1,1,0,0,0,0,0,0,0,1,1,0,0,0,0,0,0,Irritable Bowel Syndrome
1,1,1,0,0,1,0,0,1,0,1,1,0,0,0,0,0,0,Irritable Bowel Syndrome
1,1,1,0,0,0,0,1,1,0,1,0,0,0,0,0,0,0,Irritable Bowel Syndrome
1,1,0,0,0,0,0,1,1,0,1,1,0,0,0,0,0,0,Irritable Bowel Syndrome
1,1,0,1,0,0,0,1,1,0,0,1,0,0,0,0,1,0,Irritable Bowel Syndrome
1,1,1,0,0,0,0,1,0,0,1,0,0,0,0,0,0,0,Irritable Bowel Syndrome
0,1,0,0,0,1,0,0,1,0,1,1,0,0,0,0,0,0,Irritable Bowel Syndrome
0,1,0,0,0,0,0,0,1,0,0,1,0,0,0,0,0,0,Irritable Bowel Syndrome
1,1,0,0,0,0,0,0,1,0,1,1,0,0,0,0,0,0,Irritable Bowel Syndrome
1,1,0,0,0,0,0,0,0,0,0,1,0,0,0,0,0,0,Irritable Bowel Syndrome
1,1,1,0,0,0,0,1,0,0,1,1,0,0,0,0,0,0,Irritable Bowel Syndrome
1,1,1,0,1,0,0,1,1,0,0,1,0,0,0,0,0,1,Irritable Bowel Syndrome
1,1,1,1,0,0,0,1,1,0,1,1,0,0,0,0,1,0,Irritable Bowel Syndrome
1,1,1,0,0,0,0,1,1,0,1,1,0,0,0,0,0,0,Irritable Bowel Syndrome
1,1,0,0,0,0,0,0,1,0,0,1,0,1,0,0,0,0,Irritable Bowel Syndrome
1,1,0,0,0,0,0,0,1,0,1,1,0,0,0,0,0,0,Irritable Bowel Syndrome
1,1,0,0,0,0,1,1,1,0,0,1,0,0,0,0,0,0,Irritable Bowel Syndrome
1,1,1,0,0,0,0,1,1,0,1,1,0,0,0,0,0,0,Irritable Bowel Syndrome
1,1,1,0,1,0,0,1,0,0,1,1,0,0,0,0,1,0,Irritable Bowel Syndrome
1,1,0,0,0,0,0,1,0,0,1,1,0,0,0,0,0,0,Irritable Bowel Syndrome
1,1,1,0,0,0,0,1,1,0,0,1,0,0,0,0,0,0,Irritable Bowel Syndrome
1,1,1,0,0,0,0,1,1,0,0,1,0,0,0,0,0,0,Irritable Bowel Syndrome
1,1,1,0,0,0,0,0,0,0,0,1,0,0,0,0,0,1,Irritable Bowel Syndrome
1,1,1,0,1,0,0,0,0,0,1,0,0,0,0,0,0,0,Irritable Bowel Syndrome
1,1,0,1,0,0,0,0,1,0,0,1,0,0,0,0,0,0,Irritable Bowel Syndrome
1,1,1,0,0,0,0,1,1,0,0,1,0,0,0,0,1,0,Irritable Bowel Syndrome
1,1,1,0,0,0,0,1,1,0,1,1,0,0,0,0,1,0,Irritable Bowel Syndrome
1,1,0,1,0,1,0,0,1,0,1,1,0,0,0,0,1,0,Irritable Bowel Syndrome
1,1,1,0,0,0,0,1,1,0,1,1,0,0,0,0,0,1,Irritable Bowel Syndrome
1,1,1,0,0,0,0,0,1,0,0,1,0,0,0,0,1,0,Irritable Bowel Syndrome
1,1,1,0,0,0,0,1,0,0,1,1,0,0,0,0,0,0,Irritable Bowel Syndrome
1,0,0,0,0,0,0,1,1,0,0,1,0,0,0,0,0,0,Irritable Bowel Syndrome
1,1,0,0,0,0,0,1,0,0,0,1,0,0,0,0,0,0,Irritable Bowel Syndrome
1,1,1,0,0,0,0,0,1,0,1,1,0,0,0,0,0,0,Irritable Bowel Syndrome
1,1,1,0,0,0,0,1,0,0,0,1,0,0,0,1,1,0,Irritable Bowel Syndrome
1,1,0,0,0,0,0,1,1,0,0,1,0,0,0,0,0,1,Irritable Bowel Syndrome
1,1,0,0,0,0,0,0,0,0,1,1,0,0,0,0,0,0,Irritable Bowel Syndrome
1,1,0,0,0,0,0,1,0,0,0,1,0,0,0,0,0,0,Irritable Bowel Syndrome
1,1,1,0,0,1,0,1,1,0,0,1,0,0,0,0,0,0,Irritable Bowel Syndrome
0,1,1,0,0,0,0,1,1,0,0,1,0,0,0,0,0,0,Irritable Bowel Syndrome
1,1,1,0,0,0,0,0,1,0,1,0,0,0,0,1,0,0,Constipation
1,1,0,0,0,0,0,0,1,0,0,1,0,0,0,1,0,0,Constipation
1,1,1,0,0,0,0,0,1,1,0,1,0,0,0,0,0,0,Constipation
1,1,0,0,0,0,0,0,1,0,0,1,0,0,0,1,0,0,Constipation
1,1,0,0,0,0,0,0,1,0,0,1,0,0,0,1,0,0,Constipation
0,1,0,0,0,0,0,0,1,0,0,1,1,0,0,1,0,0,Constipation
0,1,1,0,0,0,0,0,1,1,0,1,0,0,0,1,0,0,Constipation
1,1,0,0,0,0,0,0,1,0,0,1,0,0,0,1,0,0,Constipation
1,1,1,0,0,0,0,0,1,0,0,0,0,0,0,1,0,0,Constipation
1,1,1,0,0,0,0,0,0,0,1,0,0,0,0,1,0,0,Constipation
0,1,1,0,0,0,0,0,0,0,0,0,0,0,0,1,0,0,Constipation
1,1,1,0,0,0,0,0,1,0,0,0,0,0,0,1,0,0,Constipation
1,0,1,0,0,0,0,0,1,0,1,1,0,0,0,1,0,0,Constipation
1,1,1,0,0,0,0,0,1,0,0,1,0,0,1,1,0,0,Constipation
1,1,0,0,0,0,0,0,1,0,0,0,0,0,0,1,0,0,Constipation
0,1,1,0,0,0,0,0,1,0,0,0,0,0,0,1,0,1,Constipation
1,1,0,0,0,0,0,0,1,0,0,1,0,0,0,0,0,0,Constipation
0,1,1,0,0,0,0,0,1,0,0,1,0,0,0,0,0,1,Constipation
0,1,1,0,1,0,0,0,1,0,0,1,1,0,0,0,0,0,Constipation
0,1,1,0,0,0,0,0,1,0,1,1,0,0,0,1,0,0,Constipation
1,1,0,0,0,0,0,0,0,0,0,1,0,0,0,1,0,0,Constipation
1,1,0,0,0,0,0,0,0,0,0,0,0,1,0,1,0,0,Constipation
1,0,1,0,0,0,0,0,1,0,0,1,0,0,1,1,0,0,Constipation
1,1,0,0,0,0,0,0,1,0,1,1,0,0,0,1,0,0,Constipation
1,0,1,0,0,0,0,0,1,0,0,1,0,0,0,1,0,0,Constipation
1,1,1,0,0,0,0,0,1,0,0,0,0,0,0,1,0,0,Constipation
1,1,1,0,0,0,0,0,1,0,1,1,0,0,0,1,0,0,Constipation
0,1,1,0,0,0,0,0,1,0,0,1,0,0,0,1,0,0,Constipation
1,1,0,0,0,0,0,0,1,0,0,0,0,0,0,1,0,0,Constipation
1,1,0,0,0,0,0,0,0,0,1,1,0,0,0,1,0,0,Constipation
1,1,0,0,0,0,0,0,1,1,0,1,0,0,0,0,0,1,Constipation
0,1,1,0,0,0,0,0,1,0,1,1,0,0,0,1,0,0,Constipation
0,1,0,1,0,0,0,0,1,1,0,0,0,0,0,1,0,0,Constipation
0,1,1,0,0,0,0,0,1,0,0,1,0,0,0,1,0,0,Constipation
1,1,1,0,0,0,0,0,1,1,0,1,0,0,0,1,0,0,Constipation
1,1,1,0,0,0,0,0,0,0,0,1,0,1,0,1,0,0,Constipation
1,1,1,0,0,0,0,0,1,1,0,0,0,0,0,1,0,0,Constipation
0,1,0,0,0,0,0,0,1,0,0,0,0,0,0,0,0,0,Constipation
1,1,1,0,0,0,0,0,1,0,0,0,0,0,0,1,0,0,Constipation
1,1,1,0,1,0,0,0,1,0,0,1,0,0,0,1,0,0,Constipation
1,1,1,0,0,0,0,0,1,0,0,1,0,0,0,0,0,0,Constipation
1,1,1,0,0,0,0,0,1,1,0,1,0,0,0,1,0,0,Constipation
1,1,1,0,0,0,0,0,1,0,0,1,0,0,0,1,0,0,Constipation
1,1,0,0,0,0,0,0,1,1,0,0,0,0,0,1,0,0,Constipation
1,1,1,0,0,0,0,0,1,0,0,0,1,0,0,1,0,1,Constipation
1,1,1,0,0,0,0,0,1,1,0,0,0,0,0,1,0,0,Constipation
0,1,0,0,0,0,0,0,1,0,0,1,0,0,0,1,0,0,Constipation
1,1,1,0,0,0,0,0,1,0,0,1,0,0,0,1,0,0,Constipation
1,1,1,0,0,0,0,0,1,0,0,0,0,0,0,1,0,0,Constipation
0,1,0,0,0,0,0,0,1,0,1,1,0,0,0,1,0,0,Constipation
0,0,0,0,0,0,0,0,1,1,0,1,0,0,0,1,0,0,Constipation
0,1,1,0,0,0,0,0,1,0,0,0,0,0,0,0,0,0,Constipation
0,1,1,0,0,0,0,0,1,1,0,1,0,0,0,1,0,0,Constipation
1,1,1,0,0,0,0,0,1,0,1,1,0,0,0,1,0,0,Constipation
1,0,1,0,0,0,0,0,1,0,0,0,0,0,1,1,0,0,Constipation
1,1,0,0,0,0,0,0,1,0,0,0,0,1,0,1,0,0,Constipation
0,1,1,0,0,0,0,0,1,0,1,1,1,0,0,1,0,0,Constipation
1,1,1,0,0,0,0,0,1,0,0,0,0,0,0,1,0,0,Constipation
0,1,0,0,0,0,0,0,1,1,0,1,0,0,0,1,0,0,Constipation
1,1,1,0,0,0,0,0,1,0,0,1,0,0,0,1,0,0,Constipation
0,1,0,0,0,0,0,0,1,0,0,0,0,0,0,1,0,0,Constipation
1,1,1,0,0,0,0,0,1,0,0,1,0,0,0,1,0,0,Constipation
1,1,1,0,0,0,0,0,1,0,0,0,0,0,0,1,0,0,Constipation
0,1,0,0,0,0,0,0,1,0,0,0,0,0,0,1,1,0,Constipation
1,1,1,0,0,0,0,0,0,0,0,1,0,0,0,1,0,0,Constipation
1,0,0,0,0,0,0,0,1,0,1,1,0,0,0,1,0,0,Constipation
1,1,1,0,0,0,0,0,1,0,0,0,0,0,0,1,0,0,Constipation
1,1,1,0,0,0,0,0,1,0,0,1,0,0,0,1,0,0,Constipation
1,1,1,0,0,0,0,0,1,1,0,0,0,0,0,0,0,1,Constipation
1,0,1,0,0,0,0,0,1,0,0,0,0,0,0,1,0,0,Constipation
1,1,1,0,0,0,0,0,1,0,0,0,0,0,0,1,0,0,Constipation
1,1,0,0,0,0,0,0,1,0,0,1,0,0,0,1,0,0,Constipation
0,1,1,0,0,0,1,0,1,0,0,1,0,0,0,1,0,0,Constipation
1,1,0,0,0,0,0,0,1,0,0,1,0,0,0,1,0,0,Constipation
1,1,0,0,0,0,0,0,1,1,0,0,0,0,0,1,0,0,Constipation
0,1,1,0,0,0,0,0,1,0,0,0,0,0,0,1,0,0,Constipation
1,1,1,0,0,0,0,0,1,0,0,0,0,0,0,1,1,0,Constipation
1,1,0,0,0,0,0,0,0,0,0,1,0,0,0,1,0,0,Constipation
0,0,1,0,0,0,0,0,1,0,1,1,0,0,0,1,0,0,Constipation
1,1,0,0,1,0,0,0,1,1,0,0,0,0,0,0,0,0,Constipation
0,1,0,0,0,0,0,0,1,1,1,0,0,0,0,1,0,0,Constipation
1,1,1,0,0,0,0,0,1,0,0,0,0,0,0,1,0,0,Constipation
0,1,0,0,0,0,0,0,1,0,0,0,0,0,0,1,0,0,Constipation
1,1,0,0,0,0,0,0,1,0,0,1,0,0,0,1,0,0,Constipation
0,1,1,0,0,0,0,0,1,0,0,0,0,0,0,1,0,0,Constipation
0,1,0,0,0,0,0,0,1,0,1,1,0,0,0,1,0,0,Constipation
0,1,1,0,0,1,0,0,1,0,1,1,0,0,0,1,0,0,Constipation
1,1,1,0,0,0,0,0,1,0,0,1,0,0,0,1,0,1,Constipation
1,1,1,0,0,0,0,0,1,0,0,1,0,0,0,1,0,0,Constipation
0,1,1,0,0,0,0,0,1,0,0,0,0,0,0,1,1,0,Constipation
1,1,0,0,0,0,0,0,1,0,0,1,0,0,0,1,0,0,Constipation
1,1,1,0,0,0,0,0,1,0,0,0,0,0,0,0,0,0,Constipation
1,1,0,0,0,0,0,0,1,0,0,0,0,0,0,1,1,0,Constipation
1,0,1,0,0,0,0,0,1,0,0,0,0,0,0,1,0,0,Constipation
0,1,1,0,0,0,0,0,1,0,0,1,0,0,0,1,0,0,Constipation
0,1,0,0,0,0,0,0,1,1,0,0,0,0,0,1,0,0,Constipation
1,1,1,0,0,0,0,0,1,0,0,1,0,0,0,1,0,0,Constipation
1,1,0,0,1,0,0,0,1,0,0,0,0,0,0,1,0,0,Constipation
1,1,1,0,0,0,0,0,1,0,1,1,1,0,0,1,0,0,Constipation
0,0,0,0,0,0,0,0,1,0,0,0,1,1,0,1,0,0,Constipation
0,1,0,1,1,0,0,1,0,1,0,1,1,0,1,0,0,0,Food Poisoning
0,1,0,1,1,0,0,0,0,0,0,1,0,0,0,0,0,0,Food Poisoning
1,0,0,1,1,0,0,1,0,0,0,1,1,0,0,0,0,0,Food Poisoning
0,0,0,1,1,0,0,1,0,0,0,0,1,0,0,0,0,0,Food Poisoning
1,0,0,1,1,0,0,1,1,0,0,1,1,0,1,0,0,0,Food Poisoning
0,1,0,1,1,0,0,1,1,0,0,1,1,0,0,0,0,0,Food Poisoning
0,0,0,1,1,0,0,1,0,0,0,0,1,0,1,1,0,0,Food Poisoning
1,0,0,1,1,0,0,1,0,0,0,1,1,0,1,0,0,0,Food Poisoning
0,0,0,0,1,0,0,1,0,0,0,0,1,0,1,0,0,0,Food Poisoning
1,1,0,1,1,0,0,1,0,0,0,1,1,0,1,0,0,0,Food Poisoning
1,1,0,1,1,0,0,1,0,0,0,1,1,0,0,0,0,0,Food Poisoning
0,0,0,1,1,0,0,1,0,0,0,1,1,0,0,0,0,0,Food Poisoning
1,0,0,1,1,0,0,1,0,0,0,1,0,1,0,0,0,0,Food Poisoning
1,0,0,0,1,0,0,1,0,0,0,0,1,0,1,0,0,0,Food Poisoning
0,0,0,1,1,0,0,1,0,0,0,1,1,0,1,0,0,0,Food Poisoning
1,1,0,1,1,0,0,1,0,1,0,1,1,0,1,0,0,0,Food Poisoning
1,0,0,1,1,0,0,1,0,0,0,0,0,0,0,0,0,0,Food Poisoning
1,0,0,0,0,0,0,1,0,0,0,1,1,0,0,0,0,0,Food Poisoning
1,0,0,1,1,0,0,1,0,0,0,0,1,0,0,1,0,0,Food Poisoning
1,1,0,0,1,0,0,1,0,0,0,1,1,0,1,0,1,0,Food Poisoning
0,0,1,1,1,0,0,1,0,0,0,1,1,0,0,0,0,0,Food Poisoning
1,0,1,1,1,0,0,1,0,0,0,1,1,0,1,0,0,0,Food Poisoning
0,0,0,1,1,0,0,0,0,0,0,1,1,0,0,0,0,0,Food Poisoning
1,0,0,1,1,0,0,1,0,0,0,1,1,0,0,0,0,0,Food Poisoning
0,0,0,1,0,0,0,1,0,0,0,1,1,0,0,0,0,0,Food Poisoning
1,1,0,1,1,0,0,1,0,0,0,1,1,0,0,0,0,0,Food Poisoning
1,1,0,1,1,0,1,0,1,0,0,0,1,0,0,0,0,0,Food Poisoning
1,0,0,1,1,0,0,1,0,0,0,0,1,0,1,0,0,0,Food Poisoning
1,0,0,1,1,0,0,1,0,0,0,0,1,0,1,0,0,0,Food Poisoning
1,0,1,1,1,0,0,1,0,0,0,0,1,0,1,0,0,0,Food Poisoning
1,0,1,1,1,0,0,1,0,0,0,1,1,0,1,0,0,0,Food Poisoning
1,0,1,1,1,0,0,1,0,1,0,1,1,0,0,0,0,0,Food Poisoning
0,0,0,1,1,0,0,1,0,0,0,1,1,0,0,0,0,0,Food Poisoning
1,0,0,1,1,0,0,1,0,0,0,0,1,0,1,0,0,0,Food Poisoning
1,0,0,1,1,0,0,1,0,0,0,0,1,0,1,0,0,0,Food Poisoning
1,1,0,1,1,0,0,1,0,0,0,1,1,1,0,0,0,0,Food Poisoning
0,0,0,1,1,0,0,1,0,0,0,1,0,0,1,0,0,0,Food Poisoning
0,0,0,1,1,0,0,1,0,0,0,1,0,0,1,0,0,0,Food Poisoning
0,0,0,1,1,0,0,1,0,0,0,0,1,0,1,0,0,0,Food Poisoning
1,0,0,1,1,0,0,1,0,0,0,1,1,1,1,0,0,0,Food Poisoning
1,0,0,1,1,0,0,1,0,0,0,1,1,0,1,0,0,0,Food Poisoning
0,1,0,1,1,0,0,1,0,0,0,1,1,0,1,0,0,0,Food Poisoning
1,0,0,1,1,0,0,1,1,0,0,1,1,0,1,0,0,0,Food Poisoning
1,0,0,1,1,0,0,1,1,0,0,1,1,0,1,0,0,0,Food Poisoning
1,0,0,1,1,0,0,1,0,0,0,1,1,0,0,0,0,0,Food Poisoning
0,0,0,1,1,0,0,0,0,0,0,0,0,0,1,0,0,0,Food Poisoning
1,0,0,1,1,0,0,1,0,0,0,0,1,0,1,0,0,0,Food Poisoning
1,0,0,1,1,0,0,1,0,0,0,1,1,0,0,0,0,0,Food Poisoning
1,0,0,1,0,0,0,1,0,0,0,0,1,0,0,0,0,0,Food Poisoning
1,0,0,1,1,0,0,1,0,0,0,0,1,0,1,0,0,1,Food Poisoning
0,0,0,1,1,0,0,1,0,0,0,0,1,0,1,0,0,0,Food Poisoning
0,1,0,1,1,0,0,1,0,0,0,1,1,0,0,0,0,0,Food Poisoning
1,0,0,1,1,0,0,1,0,0,0,1,1,1,1,0,0,0,Food Poisoning
0,0,1,1,1,0,0,1,0,0,0,1,1,0,1,0,0,0,Food Poisoning
0,0,0,1,1,0,0,1,0,0,0,0,1,0,1,0,0,0,Food Poisoning
0,0,0,1,1,0,0,1,0,0,0,1,1,0,0,0,1,0,Food Poisoning
1,1,0,1,1,0,0,1,0,0,0,1,1,0,0,0,0,0,Food Poisoning
1,0,0,1,1,0,0,1,0,0,0,0,1,0,0,0,0,0,Food Poisoning
1,0,0,1,0,0,0,1,0,0,0,1,1,0,1,0,0,0,Food Poisoning
0,0,0,1,1,0,0,1,0,0,0,1,1,0,1,0,0,0,Food Poisoning
0,0,0,1,1,0,0,1,0,0,0,0,1,0,0,0,0,1,Food Poisoning
0,0,1,1,1,0,0,1,0,0,0,0,0,0,1,0,0,0,Food Poisoning
1,0,1,0,1,0,0,1,0,1,0,0,1,0,0,0,0,0,Food Poisoning
1,0,0,1,1,0,0,1,0,0,0,1,1,0,0,0,0,0,Food Poisoning
0,0,0,1,1,0,0,1,0,0,0,0,1,0,1,0,0,0,Food Poisoning
1,0,0,1,1,0,0,1,0,0,0,0,1,0,1,0,0,0,Food Poisoning
0,0,1,1,1,0,0,0,0,0,0,1,1,0,0,0,0,0,Food Poisoning
0,0,1,1,1,0,1,1,0,0,0,0,0,0,0,0,0,0,Food Poisoning
1,0,0,0,1,0,0,1,0,0,0,1,1,0,1,0,0,0,Food Poisoning
1,1,0,1,1,0,0,1,0,0,0,0,1,0,0,0,0,0,Food Poisoning
1,0,0,0,1,0,0,1,0,0,0,1,1,0,0,0,0,0,Food Poisoning
1,0,0,1,1,0,0,1,0,0,0,0,1,0,0,0,0,0,Food Poisoning
0,1,0,0,1,1,0,1,0,0,0,1,1,0,1,0,0,0,Food Poisoning
0,0,0,0,1,0,0,1,0,0,0,0,1,0,0,0,0,0,Food Poisoning
1,0,0,0,1,0,0,1,0,0,0,1,1,0,1,0,0,0,Food Poisoning
1,0,0,0,1,0,0,1,0,0,0,1,1,0,1,0,0,0,Food Poisoning
1,0,0,0,1,0,0,0,0,0,0,1,1,0,0,1,0,0,Food Poisoning
0,0,0,0,1,0,0,1,0,0,0,1,1,0,0,0,0,0,Food Poisoning
1,0,0,1,0,0,0,1,0,0,0,1,1,0,1,0,0,0,Food Poisoning
1,0,0,1,1,1,0,1,1,0,0,1,0,0,1,0,0,0,Food Poisoning
1,0,0,1,1,0,0,1,0,0,1,0,1,1,1,0,0,0,Food Poisoning
1,0,0,1,1,0,0,1,0,0,0,1,1,0,0,0,0,0,Food Poisoning
1,0,0,1,1,0,0,1,0,0,0,1,1,0,1,0,0,0,Food Poisoning
1,0,0,1,1,0,0,1,0,1,0,1,1,0,1,0,0,0,Food Poisoning
0,0,0,1,1,0,0,1,0,0,0,1,1,0,1,0,0,0,Food Poisoning
1,0,1,1,1,0,0,1,0,0,0,1,1,0,0,0,1,0,Food Poisoning
0,0,0,0,1,0,0,1,0,0,0,1,1,0,0,0,0,0,Food Poisoning
0,0,0,1,1,0,0,1,0,0,0,0,1,0,1,0,0,0,Food Poisoning
0,0,0,1,1,0,0,1,0,0,0,1,1,0,1,0,0,0,Food Poisoning
1,0,0,1,1,0,0,1,0,0,0,1,0,0,1,0,0,0,Food Poisoning
1,0,0,1,1,0,0,1,0,0,0,0,0,0,1,0,0,0,Food Poisoning
1,1,0,1,1,0,0,1,0,0,0,0,1,0,0,0,0,0,Food Poisoning
1,0,0,1,1,0,0,0,0,0,0,1,1,0,1,0,0,0,Food Poisoning
0,0,0,1,1,0,0,1,0,0,0,0,1,0,0,0,0,0,Food Poisoning
1,0,0,1,0,0,0,1,0,0,0,0,1,0,1,0,0,0,Food Poisoning
1,0,0,1,1,0,0,1,0,0,0,0,1,0,1,0,0,0,Food Poisoning
0,1,0,1,1,0,0,1,0,0,0,0,1,0,0,0,0,0,Food Poisoning
0,0,0,1,1,0,0,1,0,0,0,1,1,0,1,0,0,0,Food Poisoning
0,0,0,1,1,0,0,1,0,0,0,1,1,0,1,0,0,0,Food Poisoning
1,0,1,1,1,0,0,1,0,0,0,1,1,0,1,0,0,0,Food Poisoning
